first,second
5.0000,1095.11
5.0144,1205.11
5.0288,1009.56
5.0432,992.44
5.0576,1048.67
5.0720,1090.22
5.0864,1031.56
5.1009,1088.42
5.1153,1035.16
5.1297,1157.89
5.1441,1106.95
5.1585,1062.95
5.1729,1081.47
5.1873,1014.32
5.2017,1034.00
5.2161,992.20
5.2305,972.40
5.2449,1003.20
5.2593,1015.30
5.2737,1057.10
5.2881,1194.60
5.3026,1037.14
5.3170,1064.38
5.3314,993.14
5.3458,1080.10
5.3602,1009.90
5.3746,1016.19
5.3890,1064.38
5.4034,1038.00
5.4178,1089.00
5.4322,1076.00
5.4466,1000.00
5.4610,956.00
5.4754,1118.00
5.4899,1062.00
5.5043,1052.17
5.5187,977.57
5.5331,1111.48
5.5475,1069.39
5.5619,1050.26
5.5763,1019.65
5.5907,1031.13
5.6051,1089.00
5.6195,1056.00
5.6339,962.50
5.6483,964.33
5.6627,1039.50
5.6771,968.00
5.6916,1050.50
5.7060,1101.76
5.7204,1026.08
5.7348,1099.12
5.7492,992.64
5.7636,1008.48
5.7780,1110.56
5.7924,1040.16
5.8068,1055.15
5.8212,1039.92
5.8356,1064.46
5.8500,1150.77
5.8644,1123.69
5.8788,1081.38
5.8933,1071.23
5.9077,1100.00
5.9221,1104.89
5.9365,1028.30
5.9509,966.37
5.9653,1008.74
5.9797,1018.52
5.9941,1026.67
6.0085,1054.37
6.0229,984.30
6.0373,1073.93
6.0517,1078.00
6.0661,1037.14
6.0806,1068.57
6.0950,1120.43
6.1094,964.86
6.1238,1087.43
6.1382,1030.86
6.1526,922.43
6.1670,1098.43
6.1814,1070.14
6.1958,993.14
6.2102,1034.00
6.2246,1082.71
6.2390,1037.14
6.2534,984.69
6.2678,1056.00
6.2823,1011.24
6.2967,1115.17
6.3111,1059.79
6.3255,1077.24
6.3399,1059.03
6.3543,1022.62
6.3687,1046.90
6.3831,993.79
6.3975,1049.93
6.4119,993.79
6.4263,1012.00
6.4407,1059.03
6.4551,1070.67
6.4696,1036.93
6.4840,997.33
6.4984,1060.40
6.5128,992.93
6.5272,1054.53
6.5416,990.00
6.5560,1020.80
6.5704,1041.33
6.5848,1013.47
6.5992,1111.73
6.6136,1098.53
6.6280,973.87
6.6424,1054.53
6.6568,1065.94
6.6713,1102.84
6.6857,1026.19
6.7001,1046.77
6.7145,1023.35
6.7289,1003.48
6.7433,1003.48
6.7577,1078.00
6.7721,975.10
6.7865,972.26
6.8009,1014.84
6.8153,1062.39
6.8297,1050.32
6.8441,1003.48
6.8585,1017.50
6.8730,1053.25
6.8874,1078.00
6.9018,1043.63
6.9162,1050.50
6.9306,1034.00
6.9450,1035.38
6.9594,1057.38
6.9738,1053.25
6.9882,1089.00
7.0026,957.00
7.0170,1062.88
7.0314,1006.50
7.0458,995.50
7.0603,1048.00
7.0747,1084.00
7.0891,1009.33
7.1035,1012.00
7.1179,1075.33
7.1323,1084.67
7.1467,1022.67
7.1611,1070.67
7.1755,1082.67
7.1899,1132.00
7.2043,1060.00
7.2187,1012.67
7.2331,1028.00
7.2475,1016.00
7.2620,1149.18
7.2764,1035.29
7.2908,1092.24
7.3052,1075.41
7.3196,953.76
7.3340,1133.65
7.3484,1081.88
7.3628,1030.12
7.3772,1012.00
7.3916,1068.94
7.4060,1036.59
7.4204,1061.18
7.4348,1079.29
7.4493,1005.53
7.4637,1067.31
7.4781,1087.43
7.4925,1070.46
7.5069,1035.89
7.5213,996.91
7.5357,962.97
7.5501,1022.06
7.5645,1040.91
7.5789,983.09
7.5933,1034.63
7.6077,984.34
7.6221,1008.86
7.6365,1098.74
7.6510,1067.00
7.6654,1045.00
7.6798,1059.06
7.6942,991.22
7.7086,1012.00
7.7230,961.89
7.7374,1051.11
7.7518,1070.67
7.7662,1052.94
7.7806,1049.89
7.7950,1034.00
7.8094,1046.22
7.8238,1002.22
7.8383,1049.89
7.8527,1067.89
7.8671,1059.57
7.8815,996.54
7.8959,1028.65
7.9103,1046.49
7.9247,1013.19
7.9391,1029.84
7.9535,1004.86
7.9679,1013.19
7.9823,976.32
7.9967,1015.57
8.0111,1013.19
8.0255,1045.30
8.0400,1026.27
8.0544,1016.63
8.0688,1010.84
8.0832,1050.79
8.0976,1005.05
8.1120,1008.53
8.1264,1061.79
8.1408,1021.84
8.1552,1056.58
8.1696,1015.47
8.1840,973.79
8.1984,1046.74
8.2128,1020.11
8.2272,939.05
8.2417,1062.95
8.2561,1089.85
8.2705,987.18
8.2849,1024.41
8.2993,1012.00
8.3137,1052.62
8.3281,1023.28
8.3425,1040.21
8.3569,1026.67
8.3713,1017.64
8.3857,1018.77
8.4001,1052.62
8.4145,1045.85
8.4290,971.38
8.4434,956.72
8.4578,1019.70
8.4722,999.90
8.4866,1032.90
8.5010,1056.00
8.5154,1080.20
8.5298,1014.20
8.5442,996.60
8.5586,928.40
8.5730,1058.20
8.5874,1042.80
8.6018,1025.20
8.6162,1004.30
8.6307,1014.20
8.6451,955.90
8.6595,1068.88
8.6739,1084.98
8.6883,1024.34
8.7027,1054.39
8.7171,1034.54
8.7315,1014.15
8.7459,1067.27
8.7603,946.54
8.7747,994.83
8.7891,1009.85
8.8035,977.66
8.8180,971.22
8.8324,988.39
8.8468,1058.15
8.8612,999.95
8.8756,1054.95
8.8900,1036.10
8.9044,1050.76
8.9188,1035.05
8.9332,996.29
8.9476,1084.29
8.9620,991.05
8.9764,1058.10
8.9908,976.38
9.0052,952.29
9.0197,1039.24
9.0341,1044.48
9.0485,1068.57
9.0629,1075.44
9.0773,1019.67
9.0917,1041.67
9.1061,989.49
9.1205,1013.02
9.1349,1063.16
9.1493,1019.16
9.1637,1039.63
9.1781,1057.02
9.1925,996.65
9.2069,1010.98
9.2214,1001.77
9.2358,1047.30
9.2502,1069.30
9.2646,1021.00
9.2790,1048.00
9.2934,1034.00
9.3078,1038.00
9.3222,1007.00
9.3366,1042.00
9.3510,1018.14
9.3654,1025.30
9.3798,1051.40
9.3942,1101.02
9.4087,1068.28
9.4231,1030.42
9.4375,1047.81
9.4519,1063.00
9.4663,1080.00
9.4807,1107.00
9.4951,1177.00
9.5095,1145.00
9.5239,1115.00
9.5383,1124.00
9.5527,1192.09
9.5671,1125.58
9.5815,1084.65
9.5959,1144.00
9.6104,1180.84
9.6248,1265.26
9.6392,1350.70
9.6536,1354.00
9.6680,1365.00
9.6824,1332.00
9.6968,1427.00
9.7112,1489.50
9.7256,1616.00
9.7400,1583.00
9.7544,1753.86
9.7688,1882.79
9.7832,1960.56
9.7977,2207.16
9.8121,2426.14
9.8265,2724.93
9.8409,3230.42
9.8553,3863.00
9.8697,4766.00
9.8841,6053.00
9.8985,7126.00
9.9129,8080.00
9.9273,8050.00
9.9417,7413.00
9.9561,6114.98
9.9705,4939.26
9.9849,3686.79
9.9994,3020.65
10.0138,2355.53
10.0282,1926.79
10.0426,1589.12
10.0570,1351.00
10.0714,1224.00
10.0858,1158.00
10.1002,1062.00
10.1146,1094.00
10.1290,1062.50
10.1434,1059.00
10.1578,1065.21
10.1722,1013.53
10.1867,1073.91
10.2011,1084.65
10.2155,1081.58
10.2299,1060.09
10.2443,960.84
10.2587,1096.00
10.2731,981.00
10.2875,1033.00
10.3019,1040.00
10.3163,1017.00
10.3307,1033.00
10.3451,998.00
10.3595,972.09
10.3739,1060.09
10.3884,1076.47
10.4028,970.05
10.4172,977.21
10.4316,1007.91
10.4460,1005.86
10.4604,991.00
10.4748,969.00
10.4892,986.00
10.5036,987.00
10.5180,993.00
10.5324,975.00
10.5468,1005.50
10.5612,1058.05
10.5756,909.67
10.5901,985.40
10.6045,987.44
10.6189,980.28
10.6333,988.98
10.6477,1014.05
10.6621,999.00
10.6765,1010.50
10.6909,1018.00
10.7053,974.00
10.7197,987.50
10.7341,1001.00
10.7485,1016.00
10.7629,1009.95
10.7774,977.21
10.7918,1006.88
10.8062,1000.74
10.8206,909.67
10.8350,1017.12
10.8494,1041.67
10.8638,961.00
10.8782,986.00
10.8926,992.00
10.9070,1001.00
10.9214,958.00
10.9358,1012.00
10.9502,922.98
10.9646,954.70
10.9791,972.09
10.9935,968.00
11.0079,982.33
11.0223,1015.58
11.0367,1022.23
11.0511,990.50
11.0655,927.00
11.0799,991.00
11.0943,981.00
11.1087,948.50
11.1231,995.00
11.1375,981.00
11.1519,1025.30
11.1664,978.23
11.1808,958.28
11.1952,983.86
11.2096,1025.30
11.2240,953.67
11.2384,1002.79
11.2528,1024.00
11.2672,987.00
11.2816,997.00
11.2960,994.00
11.3104,1025.00
11.3248,975.00
11.3392,963.00
11.3536,963.91
11.3681,988.47
11.3825,1002.79
11.3969,962.88
11.4113,986.93
11.4257,995.63
11.4401,1005.86
11.4545,940.00
11.4689,953.00
11.4833,922.00
11.4977,1017.00
11.5121,1010.00
11.5265,1035.00
11.5409,982.00
11.5553,977.21
11.5698,930.65
11.5842,985.40
11.5986,954.70
11.6130,964.93
11.6274,986.42
11.6418,916.84
11.6562,933.50
11.6706,956.00
11.6850,995.00
11.6994,1006.00
11.7138,1010.00
11.7282,946.00
11.7426,977.00
11.7571,951.63
11.7715,971.07
11.7859,941.40
11.8003,944.47
11.8147,948.56
11.8291,974.14
11.8435,996.65
11.8579,972.00
11.8723,990.00
11.8867,961.00
11.9011,975.00
11.9155,972.00
11.9299,954.00
11.9443,948.00
11.9588,932.19
11.9732,934.23
11.9876,985.40
12.0020,959.81
12.0164,932.19
12.0308,1013.53
12.0452,971.07
12.0596,959.00
12.0740,960.00
12.0884,936.00
12.1028,905.00
12.1172,1026.50
12.1316,984.00
12.1461,948.00
12.1605,899.44
12.1749,973.12
12.1893,955.21
12.2037,986.42
12.2181,942.42
12.2325,945.49
12.2469,976.19
12.2613,970.00
12.2757,965.00
12.2901,1029.00
12.3045,956.00
12.3189,1000.00
12.3333,997.00
12.3478,986.00
12.3622,932.19
12.3766,1014.05
12.3910,941.40
12.4054,890.23
12.4198,939.35
12.4342,955.72
12.4486,984.37
12.4630,1004.00
12.4774,985.00
12.4918,975.00
12.5062,960.50
12.5206,971.00
12.5351,941.00
12.5495,901.49
12.5639,931.16
12.5783,935.26
12.5927,962.88
12.6071,1000.74
12.6215,943.44
12.6359,940.37
12.6503,963.40
12.6647,878.00
12.6791,959.00
12.6935,961.00
12.7079,944.00
12.7223,980.00
12.7368,950.00
12.7512,927.07
12.7656,922.98
12.7800,963.91
12.7944,957.77
12.8088,930.14
12.8232,976.19
12.8376,961.86
12.8520,1002.00
12.8664,954.00
12.8808,934.00
12.8952,1011.00
12.9096,922.00
12.9240,927.00
12.9385,975.00
12.9529,948.56
12.9673,901.49
12.9817,888.19
12.9961,950.60
13.0105,958.79
13.0249,955.21
13.0393,1000.74
13.0537,968.00
13.0681,920.00
13.0825,933.00
13.0969,968.00
13.1113,938.00
13.1258,924.50
13.1402,1001.00
13.1546,987.44
13.1690,990.00
13.1834,953.67
13.1978,981.30
13.2122,996.65
13.2266,896.37
13.2410,904.56
13.2554,945.00
13.2698,967.00
13.2842,902.00
13.2986,977.00
13.3130,924.00
13.3275,952.00
13.3419,931.00
13.3563,980.28
13.3707,885.12
13.3851,913.77
13.3995,878.98
13.4139,986.42
13.4283,887.16
13.4427,903.53
13.4571,938.50
13.4715,949.00
13.4859,924.00
13.5003,964.00
13.5148,886.00
13.5292,960.00
13.5436,946.00
13.5580,922.47
13.5724,919.91
13.5868,932.70
13.6012,945.49
13.6156,926.05
13.6300,925.02
13.6444,971.58
13.6588,919.00
13.6732,967.00
13.6876,926.00
13.7020,961.00
13.7165,962.00
13.7309,944.00
13.7453,939.00
13.7597,957.77
13.7741,964.93
13.7885,927.07
13.8029,920.93
13.8173,911.72
13.8317,941.40
13.8461,938.33
13.8605,894.00
13.8749,925.00
13.8893,925.00
13.9037,908.00
13.9182,938.00
13.9326,902.00
13.9470,949.00
13.9614,957.26
13.9758,860.56
13.9902,925.02
14.0046,926.05
14.0190,916.84
14.0334,916.84
14.0478,918.88
14.0622,897.50
14.0766,935.00
14.0910,950.00
14.1055,988.50
14.1199,937.00
14.1343,958.00
14.1487,946.00
14.1631,987.44
14.1775,1015.07
14.1919,1051.91
14.2063,981.30
14.2207,1104.09
14.2351,1113.30
14.2495,1108.19
14.2639,1127.00
14.2783,1228.00
14.2927,1273.00
14.3072,1227.00
14.3216,1298.00
14.3360,1249.00
14.3504,1169.58
14.3648,1194.65
14.3792,1169.58
14.3936,1043.72
14.4080,980.28
14.4224,995.63
14.4368,1017.12
14.4512,987.00
14.4656,927.00
14.4800,971.00
14.4945,916.00
14.5089,910.00
14.5233,946.00
14.5377,910.00
14.5521,894.33
14.5665,934.23
14.5809,889.21
14.5953,869.77
14.6097,865.67
14.6241,938.33
14.6385,912.74
14.6529,889.00
14.6673,913.00
14.6817,879.00
14.6962,875.00
14.7106,916.00
14.7250,950.00
14.7394,917.00
14.7538,878.98
14.7682,889.21
14.7826,928.09
14.7970,889.21
14.8114,870.79
14.8258,920.93
14.8402,960.84
14.8546,851.00
14.8690,883.00
14.8834,893.00
14.8979,896.50
14.9123,957.00
14.9267,957.50
14.9411,945.00
14.9555,969.02
14.9699,950.60
14.9843,909.16
14.9987,898.42
15.0131,892.79
15.0275,875.91
15.0419,931.16
15.0563,905.00
15.0707,907.50
15.0852,865.00
15.0996,885.00
15.1140,901.00
15.1284,922.00
15.1428,898.00
15.1572,890.23
15.1716,976.19
15.1860,893.30
15.2004,893.30
15.2148,896.37
15.2292,857.49
15.2436,904.56
15.2580,925.00
15.2724,930.00
15.2869,898.00
15.3013,918.00
15.3157,917.00
15.3301,887.00
15.3445,949.00
15.3589,903.53
15.3733,844.19
15.3877,890.23
15.4021,868.74
15.4165,885.63
15.4309,914.79
15.4453,859.02
15.4597,855.00
15.4742,878.00
15.4886,854.00
15.5030,892.00
15.5174,838.00
15.5318,892.00
15.5462,927.00
15.5606,868.74
15.5750,893.30
15.5894,913.77
15.6038,882.56
15.6182,863.63
15.6326,869.77
15.6470,857.49
15.6614,861.00
15.6759,893.00
15.6903,908.00
15.7047,934.00
15.7191,938.00
15.7335,873.00
15.7479,854.00
15.7623,866.70
15.7767,884.09
15.7911,850.33
15.8055,927.07
15.8199,935.26
15.8343,887.16
15.8487,921.95
15.8632,874.00
15.8776,907.00
15.8920,901.00
15.9064,911.00
15.9208,943.00
15.9352,915.50
15.9496,883.07
15.9640,852.37
15.9784,913.77
15.9928,878.98
16.0072,833.95
16.0216,916.84
16.0360,901.49
16.0504,859.53
16.0649,924.00
16.0793,854.00
16.0937,882.00
16.1081,870.00
16.1225,865.00
16.1369,923.00
16.1513,880.00
16.1657,888.19
16.1801,877.95
16.1945,927.07
16.2089,848.28
16.2233,854.42
16.2377,860.56
16.2521,866.00
16.2666,859.00
16.2810,913.00
16.2954,866.00
16.3098,872.00
16.3242,837.00
16.3386,886.00
16.3530,882.05
16.3674,853.40
16.3818,910.70
16.3962,869.26
16.4106,913.26
16.4250,868.74
16.4394,900.47
16.4539,888.50
16.4683,893.00
16.4827,887.00
16.4971,1006.00
16.5115,905.00
16.5259,950.00
16.5403,955.00
16.5547,1030.93
16.5691,1015.07
16.5835,1154.23
16.5979,1250.42
16.6123,1302.60
16.6267,1331.26
16.6411,1460.19
16.6556,1467.00
16.6700,1428.00
16.6844,1469.00
16.6988,1410.00
16.7132,1425.00
16.7276,1363.00
16.7420,1432.00
16.7564,1315.91
16.7708,1248.37
16.7852,1142.98
16.7996,1104.09
16.8140,1022.23
16.8284,964.93
16.8429,965.95
16.8573,914.00
16.8717,911.00
16.8861,827.00
16.9005,866.00
16.9149,881.00
16.9293,854.00
16.9437,831.00
16.9581,826.79
16.9725,838.05
16.9869,908.14
17.0013,847.26
17.0157,846.23
17.0301,861.58
17.0446,859.53
17.0590,856.00
17.0734,840.00
17.0878,858.00
17.1022,857.00
17.1166,805.00
17.1310,893.50
17.1454,883.00
17.1598,862.60
17.1742,903.53
17.1886,864.65
17.2030,783.81
17.2174,821.67
17.2318,910.70
17.2463,851.35
17.2607,861.00
17.2751,866.00
17.2895,912.00
17.3039,887.00
17.3183,855.00
17.3327,812.00
17.3471,854.00
17.3615,896.37
17.3759,862.60
17.3903,842.65
17.4047,889.21
17.4191,842.14
17.4336,877.95
17.4480,857.49
17.4624,886.00
17.4768,860.50
17.4912,836.00
17.5056,866.00
17.5200,848.00
17.5344,847.50
17.5488,847.00
17.5632,838.56
17.5776,801.21
17.5920,883.07
17.6064,777.67
17.6208,826.79
17.6353,863.63
17.6497,840.09
17.6641,861.00
17.6785,845.00
17.6929,905.00
17.7073,828.00
17.7217,835.00
17.7361,805.00
17.7505,838.05
17.7649,873.86
17.7793,873.86
17.7937,873.86
17.8081,854.93
17.8226,874.88
17.8370,830.88
17.8514,826.00
17.8658,840.00
17.8802,822.00
17.8946,884.00
17.9090,842.50
17.9234,892.00
17.9378,879.00
17.9522,874.88
17.9666,871.81
17.9810,877.95
17.9954,807.35
18.0098,854.42
18.0243,854.93
18.0387,844.19
18.0531,848.50
18.0675,908.00
18.0819,846.00
18.0963,900.00
18.1107,862.00
18.1251,908.00
18.1395,853.00
18.1539,884.09
18.1683,847.26
18.1827,872.84
18.1971,870.79
18.2116,816.56
18.2260,860.56
18.2404,864.65
18.2548,829.00
18.2692,820.00
18.2836,802.00
18.2980,787.00
18.3124,806.00
18.3268,807.00
18.3412,803.00
18.3556,837.53
18.3700,929.12
18.3844,832.42
18.3988,846.23
18.4133,883.07
18.4277,848.28
18.4421,840.60
18.4565,820.00
18.4709,798.00
18.4853,792.00
18.4997,845.00
18.5141,848.00
18.5285,840.00
18.5429,838.00
18.5573,877.95
18.5717,847.26
18.5861,807.35
18.6005,775.63
18.6150,844.19
18.6294,837.02
18.6438,851.35
18.6582,794.00
18.6726,764.00
18.6870,836.00
18.7014,829.00
18.7158,813.00
18.7302,786.00
18.7446,816.00
18.7590,787.91
18.7734,788.93
18.7878,813.49
18.8023,800.19
18.8167,801.21
18.8311,826.79
18.8455,840.09
18.8599,854.00
18.8743,773.00
18.8887,766.00
18.9031,832.00
18.9175,809.00
18.9319,781.00
18.9463,811.00
18.9607,847.77
18.9751,847.26
18.9895,844.19
19.0040,804.28
19.0184,823.72
19.0328,770.00
19.0472,820.65
19.0616,836.00
19.0760,812.00
19.0904,808.00
19.1048,826.00
19.1192,772.00
19.1336,815.00
19.1480,841.00
19.1624,797.12
19.1768,807.35
19.1913,810.42
19.2057,842.14
19.2201,826.79
19.2345,782.79
19.2489,821.67
19.2633,801.00
19.2777,891.00
19.2921,838.00
19.3065,892.00
19.3209,873.00
19.3353,850.00
19.3497,867.72
19.3641,823.72
19.3785,919.91
19.3930,855.44
19.4074,833.95
19.4218,856.47
19.4362,849.30
19.4506,870.79
19.4650,902.00
19.4794,800.00
19.4938,817.00
19.5082,836.50
19.5226,837.00
19.5370,758.00
19.5514,862.60
19.5658,859.53
19.5802,865.67
19.5947,878.98
19.6091,832.93
19.6235,848.28
19.6379,900.47
19.6523,885.00
19.6667,887.00
19.6811,924.00
19.6955,968.00
19.7099,1008.00
19.7243,1011.00
19.7387,1063.00
19.7531,1160.37
19.7675,1334.33
19.7820,1462.23
19.7964,1640.28
19.8108,2056.74
19.8252,2405.67
19.8396,2636.93
19.8540,2838.00
19.8684,3117.00
19.8828,3264.50
19.8972,3458.00
19.9116,3534.00
19.9260,3917.00
19.9404,4634.00
19.9548,5395.63
19.9692,6047.95
19.9837,6583.63
19.9981,6855.81
20.0125,7145.91
20.0269,7240.56
20.0413,6891.63
20.0557,6688.00
20.0701,7064.00
20.0845,7025.00
20.0989,7229.00
20.1133,7000.00
20.1277,6820.00
20.1421,6322.00
20.1565,5693.40
20.1710,4728.47
20.1854,3627.44
20.1998,2930.60
20.2142,2351.44
20.2286,1890.98
20.2430,1400.84
20.2574,1182.00
20.2718,1057.00
20.2862,1042.00
20.3006,924.00
20.3150,941.00
20.3294,920.00
20.3438,937.00
20.3582,866.19
20.3727,846.23
20.3871,870.79
20.4015,869.77
20.4159,854.42
20.4303,811.44
20.4447,836.51
20.4591,811.50
20.4735,817.00
20.4879,830.00
20.5023,840.50
20.5167,802.00
20.5311,866.50
20.5455,848.00
20.5600,788.93
20.5744,838.05
20.5888,807.35
20.6032,829.86
20.6176,827.30
20.6320,808.37
20.6464,794.05
20.6608,822.00
20.6752,854.00
20.6896,836.00
20.7040,804.00
20.7184,791.00
20.7328,779.00
20.7472,817.00
20.7617,726.51
20.7761,825.77
20.7905,795.07
20.8049,765.91
20.8193,772.56
20.8337,811.44
20.8481,790.98
20.8625,784.00
20.8769,807.00
20.8913,805.00
20.9057,788.50
20.9201,820.00
20.9345,803.00
20.9489,797.00
20.9634,834.47
20.9778,797.63
20.9922,782.79
21.0066,775.63
21.0210,829.86
21.0354,824.74
21.0498,843.16
21.0642,811.00
21.0786,769.00
21.0930,792.00
21.1074,801.00
21.1218,829.00
21.1362,801.00
21.1507,845.21
21.1651,789.95
21.1795,893.30
21.1939,842.14
21.2083,932.19
21.2227,926.05
21.2371,1016.09
21.2515,1109.00
21.2659,1140.00
21.2803,1224.00
21.2947,1425.00
21.3091,1637.00
21.3235,1840.00
21.3379,2228.00
21.3524,2655.35
21.3668,3256.51
21.3812,3491.35
21.3956,3502.60
21.4100,3604.93
21.4244,3279.53
21.4388,2899.91
21.4532,2474.00
21.4676,2003.00
21.4820,1734.00
21.4964,1361.00
21.5108,1201.00
21.5252,1001.00
21.5397,986.00
21.5541,931.16
21.5685,851.35
21.5829,880.00
21.5973,819.63
21.6117,818.60
21.6261,854.42
21.6405,857.49
21.6549,905.00
21.6693,927.00
21.6837,918.00
21.6981,934.00
21.7125,1017.00
21.7269,1052.00
21.7414,1150.00
21.7558,1311.81
21.7702,1376.79
21.7846,1541.02
21.7990,1775.35
21.8134,1995.35
21.8278,2349.40
21.8422,2848.74
21.8566,3585.50
21.8710,4311.00
21.8854,5155.50
21.8998,6798.00
21.9142,8314.50
21.9286,9870.00
21.9431,11590.00
21.9575,12703.72
21.9719,13098.19
21.9863,13065.95
22.0007,12122.51
22.0151,10881.30
22.0295,9113.12
22.0439,7183.26
22.0583,5390.00
22.0727,3989.00
22.0871,2788.00
22.1015,2108.00
22.1159,1561.00
22.1304,1266.00
22.1448,1064.00
22.1592,962.88
22.1736,957.77
22.1880,893.30
22.2024,932.19
22.2168,847.26
22.2312,892.28
22.2456,872.84
22.2600,854.00
22.2744,848.50
22.2888,858.50
22.3032,808.00
22.3176,808.00
22.3321,852.00
22.3465,823.00
22.3609,833.95
22.3753,830.88
22.3897,795.58
22.4041,836.00
22.4185,824.74
22.4329,811.44
22.4473,833.44
22.4617,787.00
22.4761,781.00
22.4905,777.00
22.5049,824.00
22.5194,822.00
22.5338,801.00
22.5482,864.00
22.5626,818.60
22.5770,831.91
22.5914,757.21
22.6058,730.60
22.6202,848.28
22.6346,828.84
22.6490,818.60
22.6634,830.00
22.6778,784.00
22.6922,773.00
22.7066,781.00
22.7211,790.00
22.7355,795.00
22.7499,806.33
22.7643,765.91
22.7787,788.42
22.7931,730.60
22.8075,750.05
22.8219,798.14
22.8363,738.79
22.8507,762.50
22.8651,746.00
22.8795,750.00
22.8939,767.00
22.9084,773.00
22.9228,776.00
22.9372,750.00
22.9516,760.28
22.9660,732.65
22.9804,750.05
22.9948,748.00
23.0092,775.63
23.0236,716.28
23.0380,713.21
23.0524,730.00
23.0668,761.00
23.0812,788.00
23.0956,740.00
23.1101,735.00
23.1245,795.00
23.1389,766.00
23.1533,733.67
23.1677,754.14
23.1821,779.72
23.1965,778.70
23.2109,742.88
23.2253,759.26
23.2397,742.37
23.2541,770.00
23.2685,801.00
23.2829,786.00
23.2973,785.00
23.3118,782.50
23.3262,776.00
23.3406,865.00
23.3550,858.51
23.3694,917.86
23.3838,993.58
23.3982,999.72
23.4126,1146.05
23.4270,1265.77
23.4414,1263.72
23.4558,1538.00
23.4702,1819.00
23.4846,2158.00
23.4991,2475.00
23.5135,3137.00
23.5279,3960.00
23.5423,4758.00
23.5567,5382.33
23.5711,6241.86
23.5855,6911.07
23.5999,7378.70
23.6143,7618.14
23.6287,7422.70
23.6431,7025.67
23.6575,6618.00
23.6719,5880.00
23.6863,5057.00
23.7008,4025.00
23.7152,3270.00
23.7296,2680.00
23.7440,2233.00
23.7584,1698.60
23.7728,1447.91
23.7872,1251.44
23.8016,1281.12
23.8160,1338.42
23.8304,1428.47
23.8448,1638.23
23.8592,1813.00
23.8736,2181.00
23.8881,2710.50
23.9025,3130.00
23.9169,3649.00
23.9313,4147.00
23.9457,4406.00
23.9601,4736.65
23.9745,4560.65
23.9889,4312.51
24.0033,4276.19
24.0177,4236.28
24.0321,4229.12
24.0465,4409.21
24.0609,4618.00
24.0753,4784.00
24.0898,4483.00
24.1042,4138.00
24.1186,3668.00
24.1330,3310.00
24.1474,2890.00
24.1618,2312.56
24.1762,1845.95
24.1906,1528.74
24.2050,1188.00
24.2194,1144.00
24.2338,1019.67
24.2482,871.30
24.2626,824.00
24.2770,790.00
24.2915,810.00
24.3059,813.00
24.3203,745.50
24.3347,742.00
24.3491,814.00
24.3635,777.67
24.3779,797.63
24.3923,724.47
24.4067,758.74
24.4211,750.05
24.4355,736.74
24.4499,743.91
24.4643,710.00
24.4788,769.00
24.4932,757.00
24.5076,712.00
24.5220,766.50
24.5364,677.00
24.5508,710.14
24.5652,773.58
24.5796,730.60
24.5940,706.05
24.6084,718.33
24.6228,709.12
24.6372,726.51
24.6516,765.00
24.6660,681.00
24.6805,695.50
24.6949,765.00
24.7093,695.50
24.7237,685.00
24.7381,740.00
24.7525,728.56
24.7669,731.63
24.7813,738.28
24.7957,711.16
24.8101,699.91
24.8245,739.81
24.8389,676.37
24.8533,734.00
24.8678,707.50
24.8822,725.00
24.8966,695.00
24.9110,743.00
24.9254,708.00
24.9398,707.00
24.9542,750.05
24.9686,708.09
24.9830,723.44
24.9974,708.09
25.0118,700.93
25.0262,719.35
25.0406,739.81
25.0550,699.00
25.0695,740.00
25.0839,709.00
25.0983,735.00
25.1127,700.00
25.1271,703.00
25.1415,682.00
25.1559,680.47
25.1703,721.40
25.1847,695.81
25.1991,690.70
25.2135,681.49
25.2279,695.81
25.2423,643.63
25.2568,749.50
25.2712,698.00
25.2856,668.50
25.3000,680.00
25.3144,656.00
25.3288,689.00
25.3432,686.50
25.3576,653.86
25.3720,713.21
25.3864,687.12
25.4008,640.56
25.4152,755.16
25.4296,695.81
25.4440,661.02
25.4585,672.00
25.4729,706.00
25.4873,701.00
25.5017,699.00
25.5161,720.00
25.5305,716.00
25.5449,693.00
25.5593,716.28
25.5737,676.37
25.5881,718.33
25.6025,750.05
25.6169,726.51
25.6313,670.23
25.6457,669.21
25.6602,682.00
25.6746,695.00
25.6890,724.50
25.7034,649.00
25.7178,693.00
25.7322,691.00
25.7466,707.00
25.7610,686.60
25.7754,672.28
25.7898,698.88
25.8042,688.14
25.8186,705.02
25.8330,756.19
25.8475,748.00
25.8619,739.00
25.8763,788.00
25.8907,878.00
25.9051,880.00
25.9195,975.00
25.9339,1121.00
25.9483,1244.00
25.9627,1330.23
25.9771,1618.79
25.9915,1888.93
26.0059,2333.02
26.0203,2869.21
26.0347,3440.19
26.0492,3943.63
26.0636,4630.50
26.0780,5014.00
26.0924,5537.00
26.1068,5827.00
26.1212,6114.00
26.1356,6193.00
26.1500,6239.81
26.1644,6075.07
26.1788,5796.74
26.1932,5316.33
26.2076,4769.91
26.2220,4058.23
26.2365,3557.86
26.2509,2929.00
26.2653,2365.50
26.2797,2047.00
26.2941,1645.00
26.3085,1358.00
26.3229,1150.00
26.3373,886.00
26.3517,839.58
26.3661,826.79
26.3805,759.26
26.3949,745.95
26.4093,761.30
26.4237,725.49
26.4382,741.86
26.4526,762.00
26.4670,680.00
26.4814,696.00
26.4958,736.00
26.5102,692.00
26.5246,712.00
26.5390,705.00
26.5534,712.19
26.5678,679.44
26.5822,661.02
26.5966,677.91
26.6110,732.65
26.6254,712.19
26.6399,661.02
26.6543,664.00
26.6687,651.00
26.6831,628.00
26.6975,682.00
26.7119,696.00
26.7263,641.50
26.7407,640.50
26.7551,677.40
26.7695,724.47
26.7839,665.12
26.7983,679.44
26.8127,630.84
26.8272,625.21
26.8416,631.35
26.8560,656.00
26.8704,677.00
26.8848,607.00
26.8992,683.00
26.9136,670.00
26.9280,692.00
26.9424,685.00
26.9568,647.72
26.9712,658.98
26.9856,640.56
27.0000,628.28
27.0144,606.79
27.0289,667.16
27.0433,664.09
27.0577,642.00
27.0721,648.00
27.0865,638.00
27.1009,653.00
27.1153,663.00
27.1297,610.00
27.1441,659.00
27.1585,621.63
27.1729,633.40
27.1873,635.95
27.2017,664.09
27.2162,658.98
27.2306,605.77
27.2450,643.63
27.2594,684.00
27.2738,667.00
27.2882,716.50
27.3026,707.00
27.3170,707.00
27.3314,783.00
27.3458,765.50
27.3602,777.67
27.3746,810.42
27.3890,867.72
27.4034,829.86
27.4179,889.21
27.4323,849.30
27.4467,867.72
27.4611,830.00
27.4755,771.00
27.4899,804.00
27.5043,775.00
27.5187,706.00
27.5331,704.00
27.5475,665.00
27.5619,685.58
27.5763,661.02
27.5907,638.51
27.6052,607.81
27.6196,651.30
27.6340,612.93
27.6484,662.05
27.6628,635.50
27.6772,608.00
27.6916,654.00
27.7060,661.00
27.7204,654.00
27.7348,598.00
27.7492,617.00
27.7636,626.23
27.7780,641.58
27.7924,617.02
27.8069,626.74
27.8213,621.63
27.8357,647.72
27.8501,630.33
27.8645,627.00
27.8789,609.00
27.8933,608.00
27.9077,640.00
27.9221,624.00
27.9365,639.00
27.9509,648.74
27.9653,630.33
27.9797,604.74
27.9941,639.53
28.0086,632.37
28.0230,651.81
28.0374,655.91
28.0518,680.00
28.0662,632.00
28.0806,671.00
28.0950,710.00
28.1094,757.50
28.1238,744.00
28.1382,802.00
28.1526,880.00
28.1670,954.70
28.1814,1058.05
28.1959,1278.05
28.2103,1525.16
28.2247,1743.63
28.2391,1953.40
28.2535,1970.00
28.2679,2097.00
28.2823,2151.00
28.2967,2288.00
28.3111,2212.00
28.3255,2068.50
28.3399,2016.00
28.3543,2113.02
28.3687,2219.44
28.3831,2201.02
28.3976,2229.67
28.4120,2261.40
28.4264,2225.58
28.4408,2132.47
28.4552,1947.00
28.4696,1729.00
28.4840,1508.00
28.4984,1390.00
28.5128,1240.00
28.5272,1048.00
28.5416,942.00
28.5560,774.60
28.5704,705.02
28.5849,717.30
28.5993,672.28
28.6137,635.44
28.6281,683.53
28.6425,698.88
28.6569,699.00
28.6713,651.50
28.6857,656.00
28.7001,608.00
28.7145,605.00
28.7289,664.00
28.7433,627.50
28.7577,617.02
28.7721,662.05
28.7866,587.35
28.8010,662.05
28.8154,639.53
28.8298,603.72
28.8442,638.51
28.8586,670.00
28.8730,686.00
28.8874,617.00
28.9018,621.00
28.9162,593.00
28.9306,618.00
28.9450,654.00
28.9594,675.35
28.9738,669.21
28.9883,605.77
29.0027,671.26
29.0171,619.07
29.0315,638.51
29.0459,682.51
29.0603,629.00
29.0747,637.00
29.0891,646.00
29.1035,661.00
29.1179,724.50
29.1323,718.50
29.1467,750.00
29.1611,823.72
29.1756,912.74
29.1900,1013.02
29.2044,1207.44
29.2188,1376.79
29.2332,1464.28
29.2476,1675.07
29.2620,1689.00
29.2764,1758.00
29.2908,1710.50
29.3052,1794.00
29.3196,1854.00
29.3340,1875.00
29.3484,1863.50
29.3628,1907.35
29.3773,1621.86
29.3917,1649.49
29.4061,1385.49
29.4205,1397.77
29.4349,1261.67
29.4493,1188.00
29.4637,1079.00
29.4781,897.00
29.4925,844.00
29.5069,723.50
29.5213,688.00
29.5357,704.00
29.5501,648.74
29.5646,596.56
29.5790,643.63
29.5934,618.05
29.6078,559.21
29.6222,603.72
29.6366,609.35
29.6510,623.00
29.6654,628.00
29.6798,594.00
29.6942,600.00
29.7086,572.00
29.7230,605.00
29.7374,603.00
29.7518,563.81
29.7663,629.81
29.7807,640.05
29.7951,651.81
29.8095,669.21
29.8239,649.77
29.8383,628.28
29.8527,711.00
29.8671,727.00
29.8815,750.00
29.8959,827.00
29.9103,907.00
29.9247,896.00
29.9391,908.00
29.9536,871.30
29.9680,852.37
29.9824,894.33
29.9968,808.37
30.0112,788.93
30.0256,804.28
30.0400,704.51
30.0544,662.00
30.0688,644.00
30.0832,593.00
30.0976,544.00
30.1120,598.00
30.1264,614.00
30.1408,583.00
30.1553,567.91
30.1697,592.47
30.1841,576.09
30.1985,561.77
30.2129,573.02
30.2273,598.60
30.2417,594.00
30.2561,552.00
30.2705,586.00
30.2849,572.50
30.2993,592.00
30.3137,593.00
30.3281,568.00
30.3425,597.00
30.3570,557.67
30.3714,518.79
30.3858,588.37
30.4002,595.53
30.4146,581.21
30.4290,543.35
30.4434,595.53
30.4578,588.00
30.4722,552.00
30.4866,578.00
30.5010,601.00
30.5154,537.00
30.5298,571.00
30.5443,541.00
30.5587,545.40
30.5731,629.81
30.5875,567.91
30.6019,604.74
30.6163,582.23
30.6307,568.93
30.6451,566.88
30.6595,524.00
30.6739,555.00
30.6883,627.00
30.7027,652.00
30.7171,681.00
30.7315,687.00
30.7460,727.00
30.7604,833.95
30.7748,925.53
30.7892,986.42
30.8036,1013.02
30.8180,1033.49
30.8324,1082.60
30.8468,1093.86
30.8612,1055.00
30.8756,972.50
30.8900,983.00
30.9044,1005.00
30.9188,947.00
30.9333,1057.00
30.9477,1057.00
30.9621,1161.40
30.9765,1200.28
30.9909,1128.65
31.0053,1103.07
31.0197,1040.65
31.0341,969.02
31.0485,973.12
31.0629,887.00
31.0773,777.00
31.0917,766.50
31.1061,694.00
31.1205,670.00
31.1350,660.00
31.1494,585.30
31.1638,641.07
31.1782,550.51
31.1926,531.07
31.2070,562.79
31.2214,569.95
31.2358,538.74
31.2502,557.16
31.2646,545.00
31.2790,597.00
31.2934,543.00
31.3078,586.00
31.3222,528.00
31.3367,572.00
31.3511,541.30
31.3655,506.51
31.3799,553.58
31.3943,523.40
31.4087,493.21
31.4231,562.79
31.4375,560.74
31.4519,538.00
31.4663,551.00
31.4807,567.00
31.4951,543.00
31.5095,577.00
31.5240,525.00
31.5384,549.00
31.5528,550.00
31.5672,541.81
31.5816,506.51
31.5960,577.12
31.6104,540.79
31.6248,555.63
31.6392,497.30
31.6536,564.00
31.6680,499.00
31.6824,573.00
31.6968,517.00
31.7112,560.50
31.7257,516.00
31.7401,574.50
31.7545,541.30
31.7689,497.30
31.7833,517.77
31.7977,520.84
31.8121,528.00
31.8265,562.79
31.8409,516.74
31.8553,556.00
31.8697,493.00
31.8841,501.00
31.8985,554.00
31.9130,540.00
31.9274,515.00
31.9418,534.00
31.9562,559.72
31.9706,510.60
31.9850,616.00
31.9994,585.30
32.0138,543.35
32.0282,640.56
32.0426,542.84
32.0570,676.00
32.0714,712.00
32.0858,726.00
32.1002,852.00
32.1147,928.00
32.1291,1053.00
32.1435,1222.50
32.1579,1333.30
32.1723,1457.63
32.1867,1578.37
32.2011,1643.86
32.2155,1625.44
32.2299,1745.67
32.2443,1534.88
32.2587,1523.00
32.2731,1418.00
32.2875,1319.00
32.3020,1219.00
32.3164,1019.00
32.3308,941.00
32.3452,834.00
32.3596,760.28
32.3740,681.49
32.3884,635.44
32.4028,578.14
32.4172,579.16
32.4316,540.28
32.4460,579.16
32.4604,534.00
32.4748,489.00
32.4892,542.00
32.5037,552.00
32.5181,517.00
32.5325,478.00
32.5469,595.00
32.5613,541.30
32.5757,535.16
32.5901,554.60
32.6045,505.49
32.6189,488.09
32.6333,541.30
32.6477,516.23
32.6621,535.00
32.6765,555.00
32.6909,517.50
32.7054,499.00
32.7198,552.00
32.7342,578.00
32.7486,540.00
32.7630,606.79
32.7774,644.65
32.7918,691.72
32.8062,668.19
32.8206,664.09
32.8350,761.30
32.8494,759.26
32.8638,784.00
32.8782,726.00
32.8927,774.00
32.9071,811.00
32.9215,871.00
32.9359,809.00
32.9503,823.72
32.9647,863.63
32.9791,869.77
32.9935,811.44
33.0079,885.12
33.0223,847.26
33.0367,822.19
33.0511,855.50
33.0655,786.00
33.0799,788.00
33.0944,708.00
33.1088,743.00
33.1232,659.00
33.1376,679.00
33.1520,722.42
33.1664,709.12
33.1808,708.09
33.1952,775.12
33.2096,821.67
33.2240,986.42
33.2384,1124.56
33.2528,1326.00
33.2672,1617.00
33.2817,1956.00
33.2961,2266.00
33.3105,2591.00
33.3249,2904.00
33.3393,2947.00
33.3537,3325.58
33.3681,3443.26
33.3825,3659.16
33.3969,3853.58
33.4113,4126.79
33.4257,4212.74
33.4401,4296.14
33.4545,4482.00
33.4689,4720.00
33.4834,4778.00
33.4978,5089.50
33.5122,5309.00
33.5266,5625.00
33.5410,5655.00
33.5554,5422.23
33.5698,5022.14
33.5842,4566.79
33.5986,3914.47
33.6130,3525.12
33.6274,3266.23
33.6418,2809.86
33.6562,2445.00
33.6706,2052.00
33.6851,1812.00
33.6995,1611.50
33.7139,1592.00
33.7283,1580.00
33.7427,1596.00
33.7571,1720.09
33.7715,1744.65
33.7859,1736.47
33.8003,1665.86
33.8147,1548.19
33.8291,1514.42
33.8435,1331.26
33.8579,1263.00
33.8724,1096.00
33.8868,1084.00
33.9012,919.00
33.9156,825.00
33.9300,706.00
33.9444,676.00
33.9588,633.40
33.9732,573.02
33.9876,534.14
34.0020,533.63
34.0164,525.95
34.0308,559.21
34.0452,552.56
34.0596,603.00
34.0741,555.00
34.0885,537.00
34.1029,535.00
34.1173,622.00
34.1317,549.00
34.1461,552.00
34.1605,594.51
34.1749,550.51
34.1893,623.67
34.2037,655.91
34.2181,699.91
34.2325,723.44
34.2469,823.72
34.2614,987.00
34.2758,1152.00
34.2902,1357.00
34.3046,1781.00
34.3190,2265.50
34.3334,2957.00
34.3478,4018.00
34.3622,5037.49
34.3766,6000.37
34.3910,6464.93
34.4054,6462.88
34.4198,6473.12
34.4342,6187.63
34.4486,5619.72
34.4631,5152.00
34.4775,4544.00
34.4919,4061.00
34.5063,3489.00
34.5207,3061.00
34.5351,2438.00
34.5495,1740.56
34.5639,1322.05
34.5783,1070.33
34.5927,854.42
34.6071,759.26
34.6215,702.98
34.6359,617.02
34.6503,625.21
34.6648,603.00
34.6792,622.00
34.6936,578.00
34.7080,560.00
34.7224,503.00
34.7368,585.00
34.7512,534.14
34.7656,521.86
34.7800,548.47
34.7944,510.60
34.8088,538.23
34.8232,506.51
34.8376,510.60
34.8521,501.00
34.8665,546.00
34.8809,470.00
34.8953,488.00
34.9097,518.00
34.9241,527.00
34.9385,475.00
34.9529,576.09
34.9673,515.72
34.9817,544.37
34.9961,595.53
35.0105,627.26
35.0249,593.49
35.0393,588.88
35.0538,622.00
35.0682,692.00
35.0826,700.00
35.0970,720.00
35.1114,723.00
35.1258,807.00
35.1402,944.00
35.1546,1013.02
35.1690,1057.53
35.1834,1008.93
35.1978,1019.16
35.2122,1060.09
35.2266,1004.84
35.2411,946.51
35.2555,958.00
35.2699,1042.00
35.2843,1108.00
35.2987,1121.00
35.3131,1164.00
35.3275,1134.00
35.3419,1080.00
35.3563,1028.37
35.3707,972.09
35.3851,872.84
35.3995,846.23
35.4139,798.14
35.4283,778.70
35.4428,688.65
35.4572,642.00
35.4716,607.00
35.4860,531.00
35.5004,517.00
35.5148,450.50
35.5292,467.00
35.5436,452.00
35.5580,475.81
35.5724,476.84
35.5868,421.58
35.6012,475.81
35.6156,444.09
35.6301,458.42
35.6445,399.07
35.6589,454.50
35.6733,412.50
35.6877,411.00
35.7021,436.00
35.7165,416.00
35.7309,446.00
35.7453,404.00
35.7597,463.53
35.7741,443.07
35.7885,412.37
35.8029,434.88
35.8173,448.19
35.8318,430.79
35.8462,421.58
35.8606,436.00
35.8750,399.00
35.8894,462.00
35.9038,402.00
35.9182,409.00
35.9326,441.00
35.9470,428.00
35.9614,423.63
35.9758,446.14
35.9902,426.70
36.0046,409.30
36.0190,419.53
36.0335,399.07
36.0479,452.28
36.0623,397.00
36.0767,413.00
36.0911,415.00
36.1055,423.00
36.1199,419.00
36.1343,424.00
36.1487,420.00
36.1631,442.05
36.1775,424.65
36.1919,405.21
36.2063,414.42
36.2208,423.63
36.2352,421.58
36.2496,405.21
36.2640,422.00
36.2784,403.00
36.2928,450.00
36.3072,426.00
36.3216,474.00
36.3360,406.00
36.3504,447.16
36.3648,435.91
36.3792,433.35
36.3936,437.95
36.4080,462.51
36.4225,486.05
36.4369,457.40
36.4513,556.50
36.4657,548.00
36.4801,604.50
36.4945,590.00
36.5089,566.00
36.5233,598.50
36.5377,566.00
36.5521,559.72
36.5665,556.65
36.5809,568.93
36.5953,536.19
36.6098,546.93
36.6242,537.21
36.6386,494.23
36.6530,525.00
36.6674,505.00
36.6818,486.00
36.6962,486.00
36.7106,416.00
36.7250,460.00
36.7394,496.00
36.7538,491.16
36.7682,531.07
36.7826,567.91
36.7970,614.98
36.8115,673.30
36.8259,713.21
36.8403,725.49
36.8547,738.00
36.8691,804.00
36.8835,742.00
36.8979,763.00
36.9123,725.00
36.9267,667.00
36.9411,679.00
36.9555,620.09
36.9699,713.21
36.9843,652.84
36.9987,713.72
37.0132,630.33
37.0276,719.35
37.0420,737.77
37.0564,803.00
37.0708,848.00
37.0852,819.00
37.0996,865.00
37.1140,866.00
37.1284,836.00
37.1428,791.00
37.1572,708.09
37.1716,664.09
37.1860,676.37
37.2005,620.09
37.2149,545.40
37.2293,555.63
37.2437,521.86
37.2581,440.00
37.2725,504.00
37.2869,451.00
37.3013,431.00
37.3157,402.00
37.3301,401.00
37.3445,409.00
37.3589,394.98
37.3733,424.65
37.3877,430.79
37.4022,440.00
37.4166,396.00
37.4310,414.93
37.4454,405.21
37.4598,423.00
37.4742,411.00
37.4886,400.00
37.5030,409.00
37.5174,417.00
37.5318,413.00
37.5462,419.00
37.5606,449.21
37.5750,509.58
37.5895,466.60
37.6039,517.77
37.6183,486.05
37.6327,479.91
37.6471,486.05
37.6615,509.00
37.6759,505.00
37.6903,490.00
37.7047,508.00
37.7191,483.00
37.7335,500.00
37.7479,424.00
37.7623,500.88
37.7767,507.53
37.7912,440.00
37.8056,431.81
37.8200,459.44
37.8344,422.60
37.8488,416.47
37.8632,442.00
37.8776,413.00
37.8920,427.00
37.9064,391.00
37.9208,400.00
37.9352,456.00
37.9496,388.84
37.9640,427.72
37.9785,413.40
37.9929,414.42
38.0073,434.88
38.0217,449.21
38.0361,401.12
38.0505,455.35
38.0649,408.00
38.0793,465.00
38.0937,456.00
38.1081,399.00
38.1225,431.00
38.1369,424.00
38.1513,414.42
38.1657,432.84
38.1802,379.63
38.1946,425.67
38.2090,419.53
38.2234,407.26
38.2378,441.02
38.2522,480.00
38.2666,476.00
38.2810,473.00
38.2954,524.00
38.3098,570.00
38.3242,492.00
38.3386,557.00
38.3530,563.81
38.3674,545.40
38.3819,537.21
38.3963,552.56
38.4107,508.05
38.4251,493.21
38.4395,467.63
38.4539,486.00
38.4683,485.00
38.4827,451.00
38.4971,484.00
38.5115,474.00
38.5259,489.00
38.5403,506.00
38.5547,505.49
38.5692,550.51
38.5836,603.72
38.5980,576.09
38.6124,629.30
38.6268,677.40
38.6412,665.12
38.6556,648.00
38.6700,685.00
38.6844,631.00
38.6988,681.00
38.7132,724.00
38.7276,677.00
38.7420,711.00
38.7564,674.33
38.7709,629.30
38.7853,588.37
38.7997,524.93
38.8141,493.21
38.8285,496.28
38.8429,478.88
38.8573,456.00
38.8717,454.00
38.8861,398.00
38.9005,401.00
38.9149,339.00
38.9293,398.00
38.9437,375.00
38.9582,385.77
38.9726,384.74
38.9870,374.51
39.0014,383.21
39.0158,367.35
39.0302,375.02
39.0446,371.44
39.0590,366.00
39.0734,358.00
39.0878,364.50
39.1022,352.50
39.1166,371.00
39.1310,343.00
39.1454,373.00
39.1599,403.16
39.1743,386.79
39.1887,409.30
39.2031,394.98
39.2175,459.44
39.2319,436.93
39.2463,528.00
39.2607,494.00
39.2751,622.00
39.2895,639.00
39.3039,766.00
39.3183,771.00
39.3327,844.00
39.3471,945.00
39.3616,889.21
39.3760,934.23
39.3904,920.93
39.4048,883.58
39.4192,809.40
39.4336,760.28
39.4480,802.23
39.4624,668.00
39.4768,594.00
39.4912,567.50
39.5056,579.00
39.5200,481.00
39.5344,484.00
39.5489,422.00
39.5633,424.65
39.5777,412.37
39.5921,372.47
39.6065,373.49
39.6209,362.23
39.6353,333.58
39.6497,345.35
39.6641,360.00
39.6785,321.00
39.6929,324.00
39.7073,353.00
39.7217,332.00
39.7361,350.00
39.7506,368.37
39.7650,382.70
39.7794,366.33
39.7938,350.98
39.8082,379.63
39.8226,363.77
39.8370,319.26
39.8514,358.00
39.8658,375.00
39.8802,375.50
39.8946,421.00
39.9090,415.00
39.9234,410.00
39.9379,462.00
39.9523,485.02
39.9667,422.60
39.9811,458.42
39.9955,432.84
40.0099,410.33
40.0243,397.02
40.0387,448.70
40.0531,409.00
40.0675,403.00
40.0819,380.00
40.0963,390.00
40.1107,361.00
40.1251,393.00
40.1396,374.00
40.1540,398.05
40.1684,379.63
40.1828,389.86
40.1972,392.93
40.2116,451.26
40.2260,461.49
40.2404,429.77
40.2548,482.00
40.2692,470.00
40.2836,446.00
40.2980,439.00
40.3124,405.00
40.3269,391.00
40.3413,421.00
40.3557,433.86
40.3701,415.44
40.3845,392.93
40.3989,366.84
40.4133,372.47
40.4277,338.70
40.4421,340.74
40.4565,325.50
40.4709,338.00
40.4853,336.00
40.4997,347.00
40.5141,365.00
40.5286,326.00
40.5430,353.00
40.5574,388.84
40.5718,336.65
40.5862,329.49
40.6006,330.51
40.6150,317.21
40.6294,335.63
40.6438,338.70
40.6582,313.00
40.6726,326.00
40.6870,343.00
40.7014,337.00
40.7158,357.00
40.7303,340.00
40.7447,331.00
40.7591,317.21
40.7735,321.30
40.7879,306.98
40.8023,321.30
40.8167,373.49
40.8311,318.23
40.8455,339.72
40.8599,319.00
40.8743,359.50
40.8887,301.00
40.9031,297.00
40.9176,302.00
40.9320,322.00
40.9464,330.00
40.9608,347.91
40.9752,348.42
40.9896,375.53
41.0040,378.60
41.0184,349.95
41.0328,325.91
41.0472,364.28
41.0616,372.00
41.0760,437.00
41.0904,449.00
41.1048,555.00
41.1193,581.00
41.1337,734.00
41.1481,714.00
41.1625,893.30
41.1769,902.51
41.1913,1000.74
41.2057,1032.98
41.2201,1023.26
41.2345,1048.84
41.2489,1110.23
41.2633,1071.00
41.2777,994.00
41.2921,919.00
41.3066,854.00
41.3210,785.00
41.3354,686.00
41.3498,690.70
41.3642,610.88
41.3786,575.07
41.3930,509.58
41.4074,478.88
41.4218,437.95
41.4362,423.63
41.4506,408.28
41.4650,383.00
41.4794,407.00
41.4938,424.00
41.5083,367.00
41.5227,401.00
41.5371,382.00
41.5515,385.77
41.5659,405.21
41.5803,399.07
41.5947,405.21
41.6091,421.58
41.6235,409.30
41.6379,390.88
41.6523,401.00
41.6667,421.00
41.6811,409.00
41.6955,378.00
41.7100,395.00
41.7244,391.00
41.7388,359.00
41.7532,348.93
41.7676,362.23
41.7820,365.30
41.7964,368.37
41.8108,339.72
41.8252,328.47
41.8396,320.28
41.8540,350.00
41.8684,323.00
41.8828,289.00
41.8973,312.50
41.9117,335.00
41.9261,326.00
41.9405,340.00
41.9549,309.02
41.9693,313.12
41.9837,310.05
41.9981,321.30
42.0125,325.40
42.0269,301.86
42.0413,358.14
42.0557,311.00
42.0701,322.00
42.0845,368.00
42.0990,347.00
42.1134,336.00
42.1278,328.00
42.1422,347.00
42.1566,355.07
42.1710,349.95
42.1854,345.86
42.1998,348.93
42.2142,358.14
42.2286,367.35
42.2430,340.74
42.2574,367.00
42.2718,348.00
42.2863,346.00
42.3007,339.00
42.3151,334.50
42.3295,314.00
42.3439,320.00
42.3583,346.37
42.3727,300.84
42.3871,315.16
42.4015,331.53
42.4159,303.91
42.4303,317.72
42.4447,324.37
42.4591,332.00
42.4735,313.00
42.4880,340.00
42.5024,333.50
42.5168,322.00
42.5312,318.00
42.5456,315.50
42.5600,297.77
42.5744,304.93
42.5888,304.93
42.6032,313.12
42.6176,315.16
42.6320,357.63
42.6464,326.42
42.6608,333.00
42.6753,298.00
42.6897,330.00
42.7041,332.00
42.7185,347.00
42.7329,315.00
42.7473,308.00
42.7617,284.47
42.7761,276.28
42.7905,327.44
42.8049,308.00
42.8193,299.30
42.8337,303.91
42.8481,300.84
42.8625,326.00
42.8770,308.00
42.8914,324.00
42.9058,306.00
42.9202,330.00
42.9346,306.00
42.9490,263.00
42.9634,278.84
42.9778,286.51
42.9922,312.60
43.0066,306.98
43.0210,313.12
43.0354,277.30
43.0498,335.63
43.0642,298.00
43.0787,303.00
43.0931,323.50
43.1075,269.00
43.1219,315.00
43.1363,321.00
43.1507,297.77
43.1651,319.26
43.1795,303.91
43.1939,269.12
43.2083,317.21
43.2227,317.21
43.2371,316.19
43.2515,344.50
43.2660,345.00
43.2804,295.00
43.2948,337.50
43.3092,314.00
43.3236,325.00
43.3380,335.50
43.3524,366.33
43.3668,314.65
43.3812,346.88
43.3956,334.60
43.4100,361.21
43.4244,360.19
43.4388,355.07
43.4532,470.50
43.4677,444.00
43.4821,476.00
43.4965,464.00
43.5109,487.00
43.5253,462.00
43.5397,440.00
43.5541,460.47
43.5685,419.53
43.5829,413.40
43.5973,424.65
43.6117,410.33
43.6261,430.79
43.6405,404.19
43.6550,402.00
43.6694,368.00
43.6838,377.00
43.6982,430.00
43.7126,440.00
43.7270,442.00
43.7414,531.00
43.7558,629.30
43.7702,704.00
43.7846,731.12
43.7990,860.56
43.8134,829.86
43.8278,821.67
43.8422,808.37
43.8567,719.00
43.8711,627.00
43.8855,666.50
43.8999,691.00
43.9143,641.00
43.9287,588.00
43.9431,540.00
43.9575,522.88
43.9719,477.86
43.9863,420.56
44.0007,410.33
44.0151,371.44
44.0295,346.88
44.0439,332.56
44.0584,348.00
44.0728,326.00
44.0872,314.00
44.1016,341.00
44.1160,308.00
44.1304,307.00
44.1448,331.00
44.1592,299.81
44.1736,325.40
44.1880,309.02
44.2024,330.51
44.2168,329.49
44.2312,327.44
44.2457,358.14
44.2601,350.00
44.2745,367.50
44.2889,405.00
44.3033,412.50
44.3177,489.00
44.3321,501.00
44.3465,501.00
44.3609,573.02
44.3753,557.67
44.3897,602.70
44.4041,577.12
44.4185,619.58
44.4329,721.40
44.4474,632.37
44.4618,739.50
44.4762,751.50
44.4906,784.00
44.5050,784.00
44.5194,786.00
44.5338,896.00
44.5482,1080.00
44.5626,1118.42
44.5770,1181.86
44.5914,1222.79
44.6058,1147.07
44.6202,1145.02
44.6347,1105.63
44.6491,1043.72
44.6635,1003.00
44.6779,1010.00
44.6923,998.00
44.7067,979.00
44.7211,961.00
44.7355,911.00
44.7499,880.00
44.7643,818.60
44.7787,813.49
44.7931,805.30
44.8075,758.23
44.8219,804.28
44.8364,937.30
44.8508,1025.00
44.8652,1034.00
44.8796,1029.00
44.8940,892.00
44.9084,883.00
44.9228,848.00
44.9372,799.00
44.9516,698.88
44.9660,702.47
44.9804,690.70
44.9948,673.30
45.0092,634.42
45.0237,569.95
45.0381,491.16
45.0525,466.00
45.0669,435.00
45.0813,373.00
45.0957,323.00
45.1101,321.00
45.1245,314.00
45.1389,296.00
45.1533,298.79
45.1677,284.98
45.1821,281.40
45.1965,325.40
45.2109,285.49
45.2254,295.72
45.2398,288.56
45.2542,320.50
45.2686,284.00
45.2830,291.50
45.2974,303.00
45.3118,302.00
45.3262,275.50
45.3406,283.00
45.3550,261.95
45.3694,300.84
45.3838,332.56
45.3982,303.40
45.4126,286.51
45.4271,278.33
45.4415,300.84
45.4559,325.00
45.4703,315.00
45.4847,342.00
45.4991,310.00
45.5135,350.00
45.5279,348.00
45.5423,330.00
45.5567,355.07
45.5711,354.05
45.5855,344.84
45.5999,397.02
45.6144,350.98
45.6288,327.44
45.6432,335.63
45.6576,361.00
45.6720,386.00
45.6864,362.00
45.7008,353.00
45.7152,341.00
45.7296,349.00
45.7440,304.50
45.7584,338.70
45.7728,322.33
45.7872,309.02
45.8016,321.30
45.8161,309.02
45.8305,335.63
45.8449,319.26
45.8593,286.00
45.8737,275.50
45.8881,329.00
45.9025,347.00
45.9169,339.00
45.9313,323.00
45.9457,327.00
45.9601,367.35
45.9745,373.49
45.9889,366.33
46.0034,375.53
46.0178,447.16
46.0322,441.02
46.0466,521.86
46.0610,552.00
46.0754,611.00
46.0898,730.00
46.1042,879.00
46.1186,901.00
46.1330,1055.00
46.1474,1127.00
46.1618,1159.35
46.1762,1184.93
46.1906,1239.16
46.2051,1222.79
46.2195,1312.84
46.2339,1299.53
46.2483,1443.30
46.2627,1423.00
46.2771,1350.00
46.2915,1300.00
46.3059,1188.00
46.3203,1011.00
46.3347,943.50
46.3491,831.00
46.3635,729.58
46.3779,734.70
46.3923,705.02
46.4068,680.47
46.4212,620.09
46.4356,517.77
46.4500,501.40
46.4644,418.00
46.4788,357.00
46.4932,302.00
46.5076,278.00
46.5220,318.50
46.5364,271.00
46.5508,298.79
46.5652,319.26
46.5796,295.72
46.5941,305.95
46.6085,272.19
46.6229,303.91
46.6373,291.63
46.6517,280.00
46.6661,278.00
46.6805,269.00
46.6949,273.50
46.7093,297.00
46.7237,259.50
46.7381,287.00
46.7525,262.98
46.7669,283.44
46.7813,285.49
46.7958,270.14
46.8102,288.56
46.8246,283.44
46.8390,297.77
46.8534,293.00
46.8678,311.00
46.8822,301.00
46.8966,283.50
46.9110,261.00
46.9254,290.00
46.9398,318.00
46.9542,291.63
46.9686,255.81
46.9831,270.14
46.9975,250.70
47.0119,295.72
47.0263,275.26
47.0407,278.33
47.0551,290.00
47.0695,284.00
47.0839,237.00
47.0983,282.00
47.1127,284.00
47.1271,269.00
47.1415,323.00
47.1559,262.98
47.1703,251.72
47.1848,303.91
47.1992,273.21
47.2136,280.37
47.2280,284.47
47.2424,262.98
47.2568,280.00
47.2712,324.00
47.2856,281.50
47.3000,292.00
47.3144,289.00
47.3288,290.00
47.3432,287.00
47.3576,304.93
47.3721,259.91
47.3865,278.33
47.4009,266.56
47.4153,271.16
47.4297,338.70
47.4441,350.98
47.4585,345.00
47.4729,376.00
47.4873,435.00
47.5017,497.00
47.5161,533.00
47.5305,562.00
47.5449,746.00
47.5593,813.49
47.5738,925.02
47.5882,976.19
47.6026,1084.65
47.6170,1042.70
47.6314,1078.51
47.6458,1058.05
47.6602,1088.00
47.6746,1153.00
47.6890,1265.00
47.7034,1250.00
47.7178,1329.00
47.7322,1356.00
47.7466,1395.00
47.7610,1229.95
47.7755,1094.88
47.7899,1001.77
47.8043,915.81
47.8187,832.93
47.8331,800.19
47.8475,740.84
47.8619,760.00
47.8763,727.50
47.8907,680.00
47.9051,646.00
47.9195,609.50
47.9339,506.00
47.9483,475.00
47.9628,437.95
47.9772,444.09
47.9916,423.63
48.0060,476.84
48.0204,534.14
48.0348,583.26
48.0492,707.07
48.0636,761.00
48.0780,925.00
48.0924,1147.00
48.1068,1263.00
48.1212,1528.00
48.1356,1619.00
48.1500,1764.09
48.1645,1741.58
48.1789,1711.91
48.1933,1665.35
48.2077,1581.95
48.2221,1667.91
48.2365,1723.16
48.2509,1925.00
48.2653,2102.00
48.2797,2272.50
48.2941,2217.00
48.3085,2235.00
48.3229,2036.00
48.3373,1804.00
48.3518,1530.79
48.3662,1324.09
48.3806,1162.42
48.3950,1149.12
48.4094,1098.98
48.4238,1108.19
48.4382,1029.40
48.4526,955.00
48.4670,860.00
48.4814,724.50
48.4958,661.00
48.5102,539.00
48.5246,480.00
48.5390,402.00
48.5535,384.74
48.5679,390.88
48.5823,391.91
48.5967,373.49
48.6111,349.95
48.6255,322.33
48.6399,310.05
48.6543,352.00
48.6687,315.50
48.6831,354.00
48.6975,354.00
48.7119,365.50
48.7263,350.00
48.7407,336.00
48.7552,321.81
48.7696,322.33
48.7840,368.37
48.7984,379.63
48.8128,383.72
48.8272,440.00
48.8416,473.77
48.8560,568.00
48.8704,641.50
48.8848,784.00
48.8992,914.00
48.9136,954.00
48.9280,954.00
48.9425,1040.00
48.9569,949.58
48.9713,900.47
48.9857,856.47
49.0001,776.65
49.0145,763.35
49.0289,769.49
49.0433,719.35
49.0577,750.00
49.0721,754.00
49.0865,742.00
49.1009,634.00
49.1153,601.00
49.1297,627.00
49.1442,587.00
49.1586,671.26
49.1730,733.67
49.1874,825.77
49.2018,927.58
49.2162,1056.00
49.2306,1071.35
49.2450,1134.79
49.2594,1084.00
49.2738,941.00
49.2882,848.50
49.3026,778.00
49.3170,694.00
49.3315,699.50
49.3459,725.00
49.3603,792.51
49.3747,686.60
49.3891,695.81
49.4035,557.67
49.4179,546.42
49.4323,404.19
49.4467,370.42
49.4611,348.00
49.4755,321.00
49.4899,281.00
49.5043,293.00
49.5187,281.00
49.5332,283.00
49.5476,272.00
49.5620,277.30
49.5764,270.14
49.5908,274.23
49.6052,291.63
49.6196,270.14
49.6340,236.37
49.6484,276.28
49.6628,247.50
49.6772,269.00
49.6916,252.00
49.7060,261.00
49.7205,269.00
49.7349,252.00
49.7493,262.00
49.7637,252.74
49.7781,247.63
49.7925,218.98
49.8069,235.35
49.8213,252.74
49.8357,257.86
49.8501,243.53
49.8645,247.00
49.8789,244.00
49.8933,272.00
49.9077,243.00
49.9222,263.00
49.9366,287.00
49.9510,248.65
49.9654,258.88
49.9798,267.07
49.9942,234.33
50.0086,268.09
50.0230,253.77
50.0374,292.65
50.0518,272.00
50.0662,275.00
50.0806,280.00
50.0950,270.00
50.1094,277.00
50.1239,261.00
50.1383,281.50
50.1527,259.91
50.1671,274.23
50.1815,270.14
50.1959,263.49
50.2103,280.37
50.2247,271.16
50.2391,267.07
50.2535,264.00
50.2679,258.00
50.2823,258.00
50.2967,243.00
50.3112,261.00
50.3256,258.50
50.3400,290.00
50.3544,258.88
50.3688,257.86
50.3832,306.98
50.3976,280.37
50.4120,306.98
50.4264,267.07
50.4408,291.63
50.4552,288.00
50.4696,309.00
50.4840,287.00
50.4984,323.00
50.5129,311.00
50.5273,379.00
50.5417,400.00
50.5561,452.28
50.5705,467.63
50.5849,550.51
50.5993,587.35
50.6137,686.60
50.6281,766.93
50.6425,789.95
50.6569,865.00
50.6713,890.50
50.6857,1034.00
50.7002,1127.00
50.7146,1235.50
50.7290,1226.00
50.7434,1324.00
50.7578,1351.72
50.7722,1364.00
50.7866,1367.07
50.8010,1405.95
50.8154,1382.93
50.8298,1454.05
50.8442,1508.28
50.8586,1618.00
50.8730,1554.00
50.8874,1515.00
50.9019,1502.00
50.9163,1329.00
50.9307,1248.00
50.9451,1156.00
50.9595,1036.56
50.9739,954.70
50.9883,869.77
51.0027,858.51
51.0171,850.33
51.0315,804.28
51.0459,754.14
51.0603,685.00
51.0747,622.00
51.0891,524.00
51.1036,501.00
51.1180,431.00
51.1324,437.50
51.1468,487.50
51.1612,445.12
51.1756,494.23
51.1900,493.21
51.2044,536.19
51.2188,498.33
51.2332,611.40
51.2476,618.05
51.2620,624.00
51.2764,717.00
51.2909,736.00
51.3053,870.50
51.3197,1016.00
51.3341,1141.00
51.3485,1344.00
51.3629,1377.30
51.3773,1385.49
51.3917,1381.40
51.4061,1325.12
51.4205,1265.77
51.4349,1149.12
51.4493,1012.00
51.4637,1013.00
51.4781,989.00
51.4926,997.00
51.5070,1002.00
51.5214,963.50
51.5358,918.00
51.5502,947.53
51.5646,889.21
51.5790,909.67
51.5934,931.16
51.6078,1006.88
51.6222,1064.19
51.6366,1193.63
51.6510,1278.00
51.6654,1280.00
51.6799,1327.00
51.6943,1177.50
51.7087,1088.00
51.7231,947.00
51.7375,859.00
51.7519,778.70
51.7663,847.26
51.7807,840.60
51.7951,860.56
51.8095,862.60
51.8239,761.30
51.8383,702.98
51.8527,631.00
51.8671,549.00
51.8816,420.00
51.8960,393.00
51.9104,335.00
51.9248,329.00
51.9392,333.00
51.9536,297.77
51.9680,321.30
51.9824,313.63
51.9968,271.16
52.0112,289.58
52.0256,265.02
52.0400,282.42
52.0544,248.00
52.0689,278.00
52.0833,250.00
52.0977,268.00
52.1121,275.00
52.1265,236.00
52.1409,254.50
52.1553,247.12
52.1697,247.63
52.1841,252.74
52.1985,284.47
52.2129,287.53
52.2273,271.16
52.2417,276.28
52.2561,258.00
52.2706,335.00
52.2850,305.50
52.2994,286.00
52.3138,288.00
52.3282,300.00
52.3426,269.00
52.3570,314.14
52.3714,287.53
52.3858,261.95
52.4002,306.98
52.4146,267.07
52.4290,286.51
52.4434,286.51
52.4578,278.00
52.4723,267.00
52.4867,290.00
52.5011,240.00
52.5155,263.00
52.5299,262.00
52.5443,281.00
52.5587,289.58
52.5731,290.60
52.5875,236.88
52.6019,237.40
52.6163,252.74
52.6307,239.44
52.6451,287.53
52.6596,262.00
52.6740,264.00
52.6884,318.00
52.7028,289.00
52.7172,325.00
52.7316,365.00
52.7460,371.00
52.7604,441.02
52.7748,513.67
52.7892,522.88
52.8036,555.63
52.8180,572.00
52.8324,535.16
52.8468,529.02
52.8613,479.00
52.8757,479.00
52.8901,498.00
52.9045,531.00
52.9189,520.00
52.9333,573.00
52.9477,647.00
52.9621,643.63
52.9765,664.09
52.9909,655.91
53.0053,601.67
53.0197,543.35
53.0341,558.70
53.0486,465.58
53.0630,448.00
53.0774,454.00
53.0918,491.00
53.1062,448.00
53.1206,476.00
53.1350,485.00
53.1494,519.81
53.1638,533.12
53.1782,616.51
53.1926,575.07
53.2070,516.74
53.2214,464.56
53.2358,457.40
53.2503,436.42
53.2647,449.00
53.2791,435.00
53.2935,464.00
53.3079,455.00
53.3223,452.00
53.3367,550.00
53.3511,563.81
53.3655,642.60
53.3799,670.23
53.3943,715.26
53.4087,728.05
53.4231,892.28
53.4375,957.77
53.4520,1052.00
53.4664,1035.00
53.4808,1077.00
53.4952,1054.00
53.5096,991.00
53.5240,903.00
53.5384,810.00
53.5528,777.67
53.5672,722.93
53.5816,738.79
53.5960,712.19
53.6104,722.42
53.6248,668.19
53.6393,643.12
53.6537,620.00
53.6681,563.00
53.6825,442.00
53.6969,424.00
53.7113,386.00
53.7257,351.00
53.7401,367.00
53.7545,361.21
53.7689,355.07
53.7833,371.44
53.7977,401.12
53.8121,390.88
53.8265,423.63
53.8410,434.88
53.8554,500.00
53.8698,516.00
53.8842,525.00
53.8986,546.00
53.9130,592.00
53.9274,589.00
53.9418,673.00
53.9562,661.02
53.9706,742.88
53.9850,822.70
53.9994,931.16
54.0138,1052.93
54.0283,1149.12
54.0427,1368.09
54.0571,1559.50
54.0715,1680.00
54.0859,1862.00
54.1003,1854.00
54.1147,1889.00
54.1291,1804.00
54.1435,1553.00
54.1579,1570.70
54.1723,1519.02
54.1867,1453.53
54.2011,1432.56
54.2155,1419.77
54.2300,1495.49
54.2444,1447.40
54.2588,1506.00
54.2732,1314.00
54.2876,1150.00
54.3020,1051.00
54.3164,877.00
54.3308,765.00
54.3452,667.00
54.3596,567.91
54.3740,532.09
54.3884,509.58
54.4028,510.60
54.4172,494.23
54.4317,462.51
54.4461,414.42
54.4605,416.00
54.4749,333.00
54.4893,290.00
54.5037,293.00
54.5181,277.00
54.5325,310.00
54.5469,333.00
54.5613,265.02
54.5757,276.28
54.5901,303.91
54.6045,286.51
54.6190,264.00
54.6334,261.95
54.6478,304.42
54.6622,287.00
54.6766,288.00
54.6910,311.50
54.7054,285.00
54.7198,322.50
54.7342,256.00
54.7486,307.00
54.7630,256.84
54.7774,285.49
54.7918,264.00
54.8062,269.12
54.8207,281.40
54.8351,258.88
54.8495,279.35
54.8639,264.00
54.8783,249.00
54.8927,265.00
54.9071,227.00
54.9215,260.00
54.9359,271.00
54.9503,298.28
54.9647,253.77
54.9791,256.84
54.9935,277.30
55.0080,285.49
55.0224,271.16
55.0368,282.93
55.0512,320.00
55.0656,322.00
55.0800,353.00
55.0944,325.00
55.1088,340.50
55.1232,369.00
55.1376,376.00
55.1520,408.28
55.1664,416.47
55.1808,394.98
55.1952,421.07
55.2097,428.23
55.2241,449.21
55.2385,447.16
55.2529,401.00
55.2673,465.00
55.2817,459.00
55.2961,464.00
55.3105,463.00
55.3249,453.00
55.3393,435.00
55.3537,433.86
55.3681,432.84
55.3825,385.77
55.3970,450.23
55.4114,476.84
55.4258,508.56
55.4402,492.19
55.4546,541.00
55.4690,612.00
55.4834,651.00
55.4978,722.00
55.5122,789.00
55.5266,733.50
55.5410,790.00
55.5554,820.65
55.5698,762.33
55.5842,765.91
55.5987,668.19
55.6131,630.33
55.6275,643.63
55.6419,616.00
55.6563,637.00
55.6707,670.50
55.6851,622.00
55.6995,691.00
55.7139,674.50
55.7283,678.00
55.7427,629.00
55.7571,605.77
55.7715,557.67
55.7859,532.09
55.8004,453.30
55.8148,424.65
55.8292,448.19
55.8436,457.40
55.8580,510.00
55.8724,508.00
55.8868,539.00
55.9012,491.00
55.9156,533.00
55.9300,496.00
55.9444,515.00
55.9588,423.63
55.9732,410.33
55.9877,372.47
56.0021,340.74
56.0165,360.19
56.0309,348.93
56.0453,380.65
56.0597,353.00
56.0741,362.00
56.0885,343.00
56.1029,322.00
56.1173,296.00
56.1317,293.50
56.1461,283.50
56.1605,294.70
56.1749,264.00
56.1894,287.53
56.2038,237.40
56.2182,268.09
56.2326,265.02
56.2470,257.86
56.2614,248.00
56.2758,232.00
56.2902,230.00
56.3046,231.00
56.3190,221.00
56.3334,251.00
56.3478,236.00
56.3622,287.53
56.3767,268.09
56.3911,282.42
56.4055,325.40
56.4199,273.21
56.4343,338.70
56.4487,281.40
56.4631,292.00
56.4775,315.00
56.4919,288.00
56.5063,264.00
56.5207,278.00
56.5351,282.00
56.5495,314.14
56.5639,320.28
56.5784,305.95
56.5928,280.37
56.6072,290.60
56.6216,283.44
56.6360,281.40
56.6504,271.16
56.6648,293.50
56.6792,252.00
56.6936,254.00
56.7080,299.00
56.7224,290.00
56.7368,306.00
56.7512,300.84
56.7656,255.81
56.7801,281.40
56.7945,274.23
56.8089,289.58
56.8233,271.16
56.8377,301.86
56.8521,302.50
56.8665,313.00
56.8809,341.00
56.8953,315.00
56.9097,345.00
56.9241,318.00
56.9385,271.00
56.9529,318.23
56.9674,289.58
56.9818,287.53
56.9962,254.28
57.0106,273.21
57.0250,293.67
57.0394,270.14
57.0538,317.50
57.0682,306.00
57.0826,323.00
57.0970,379.00
57.1114,372.00
57.1258,348.00
57.1402,332.00
57.1546,312.09
57.1691,333.58
57.1835,326.42
57.1979,334.60
57.2123,333.58
57.2267,310.05
57.2411,302.88
57.2555,353.00
57.2699,385.00
57.2843,380.00
57.2987,472.00
57.3131,409.00
57.3275,405.00
57.3419,452.00
57.3564,398.05
57.3708,407.26
57.3852,348.93
57.3996,352.00
57.4140,379.63
57.4284,381.67
57.4428,459.44
57.4572,441.00
57.4716,530.50
57.4860,612.00
57.5004,651.00
57.5148,771.50
57.5292,899.00
57.5436,1092.00
57.5581,1085.67
57.5725,1103.07
57.5869,1023.26
57.6013,966.98
57.6157,957.26
57.6301,796.09
57.6445,751.07
57.6589,701.00
57.6733,773.00
57.6877,792.00
57.7021,765.50
57.7165,785.00
57.7309,789.00
57.7454,751.00
57.7598,690.70
57.7742,623.16
57.7886,583.26
57.8030,586.33
57.8174,587.35
57.8318,660.00
57.8462,689.67
57.8606,804.00
57.8750,904.00
57.8894,1004.00
57.9038,1172.00
57.9182,1103.00
57.9326,1162.00
57.9471,1117.00
57.9615,1032.47
57.9759,933.21
57.9903,866.19
58.0047,692.74
58.0191,698.88
58.0335,705.02
58.0479,697.86
58.0623,733.00
58.0767,778.50
58.0911,690.00
58.1055,722.00
58.1199,683.50
58.1343,521.00
58.1488,463.50
58.1632,397.02
58.1776,378.60
58.1920,293.67
58.2064,265.02
58.2208,265.53
58.2352,304.93
58.2496,270.14
58.2640,242.00
58.2784,274.00
58.2928,241.00
58.3072,233.00
58.3216,275.00
58.3361,257.00
58.3505,215.91
58.3649,242.51
58.3793,227.16
58.3937,244.05
58.4081,289.58
58.4225,254.79
58.4369,210.79
58.4513,252.00
58.4657,248.00
58.4801,257.00
58.4945,266.50
58.5089,260.00
58.5233,276.00
58.5378,281.00
58.5522,275.26
58.5666,249.67
58.5810,261.95
58.5954,259.91
58.6098,311.07
58.6242,291.12
58.6386,267.07
58.6530,279.00
58.6674,270.00
58.6818,282.00
58.6962,270.00
58.7106,269.00
58.7251,284.00
58.7395,255.00
58.7539,256.84
58.7683,262.98
58.7827,246.60
58.7971,239.44
58.8115,234.33
58.8259,262.98
58.8403,243.53
58.8547,249.00
58.8691,228.00
58.8835,246.00
58.8979,272.00
58.9123,258.00
58.9268,258.00
58.9412,297.50
58.9556,328.98
58.9700,281.40
58.9844,326.42
58.9988,366.33
59.0132,392.93
59.0276,417.49
59.0420,447.16
59.0564,428.00
59.0708,447.00
59.0852,435.50
59.0996,443.00
59.1140,400.00
59.1285,387.00
59.1429,414.00
59.1573,443.07
59.1717,460.47
59.1861,542.33
59.2005,577.12
59.2149,592.47
59.2293,605.77
59.2437,693.77
59.2581,681.00
59.2725,690.00
59.2869,639.00
59.3013,651.00
59.3158,735.00
59.3302,765.00
59.3446,842.00
59.3590,935.26
59.3734,998.70
59.3878,1016.09
59.4022,1079.53
59.4166,1052.93
59.4310,998.70
59.4454,1008.93
59.4598,952.50
59.4742,904.00
59.4886,940.00
59.5030,927.00
59.5175,946.00
59.5319,988.00
59.5463,1057.00
59.5607,1131.72
59.5751,1111.26
59.5895,1085.67
59.6039,1079.53
59.6183,1080.05
59.6327,1028.37
59.6471,906.60
59.6615,929.00
59.6759,913.00
59.6903,836.00
59.7048,884.00
59.7192,971.00
59.7336,970.00
59.7480,1089.00
59.7624,1053.95
59.7768,1120.98
59.7912,1162.42
59.8056,1121.49
59.8200,1022.23
59.8344,916.84
59.8488,910.70
59.8632,809.00
59.8776,725.00
59.8920,692.00
59.9065,624.00
59.9209,636.00
59.9353,654.00
59.9497,587.86
59.9641,568.93
59.9785,562.79
59.9929,550.51
60.0073,482.98
60.0217,443.58
60.0361,409.30
60.0505,376.56
60.0649,341.00
60.0793,288.00
60.0938,302.50
60.1082,266.00
60.1226,263.00
60.1370,268.00
60.1514,249.67
60.1658,287.53
60.1802,245.58
60.1946,252.74
60.2090,261.95
60.2234,281.40
60.2378,284.47
60.2522,293.00
60.2666,309.00
60.2810,320.00
60.2955,381.00
60.3099,384.00
60.3243,438.00
60.3387,498.00
60.3531,521.86
60.3675,638.51
60.3819,776.65
60.3963,904.56
60.4107,1034.51
60.4251,1205.40
60.4395,1225.86
60.4539,1353.00
60.4683,1282.00
60.4827,1177.00
60.4972,1126.00
60.5116,1027.00
60.5260,971.00
60.5404,962.00
60.5548,1082.60
60.5692,1198.74
60.5836,1241.21
60.5980,1274.47
60.6124,1274.98
60.6268,1267.81
60.6412,1104.09
60.6556,968.00
60.6700,936.00
60.6845,822.00
60.6989,730.00
60.7133,671.00
60.7277,666.00
60.7421,655.00
60.7565,661.02
60.7709,680.47
60.7853,734.70
60.7997,730.60
60.8141,727.53
60.8285,744.93
60.8429,823.72
60.8573,771.00
60.8717,713.00
60.8862,750.00
60.9006,702.50
60.9150,736.00
60.9294,698.00
60.9438,773.00
60.9582,751.07
60.9726,818.60
60.9870,836.00
61.0014,807.86
61.0158,808.37
61.0302,793.02
61.0446,822.19
61.0590,875.00
61.0735,906.00
61.0879,865.00
61.1023,888.00
61.1167,922.00
61.1311,927.00
61.1455,801.00
61.1599,764.37
61.1743,670.74
61.1887,643.63
61.2031,607.81
61.2175,548.47
61.2319,572.00
61.2463,552.56
61.2607,554.00
61.2752,537.00
61.2896,539.00
61.3040,552.00
61.3184,469.00
61.3328,458.00
61.3472,428.00
61.3616,472.74
61.3760,438.98
61.3904,437.95
61.4048,448.19
61.4192,470.70
61.4336,480.93
61.4480,436.93
61.4624,489.00
61.4769,462.00
61.4913,397.00
61.5057,412.00
61.5201,345.00
61.5345,345.00
61.5489,359.50
61.5633,363.26
61.5777,345.86
61.5921,370.42
61.6065,371.44
61.6209,342.79
61.6353,340.74
61.6497,302.88
61.6642,304.50
61.6786,310.00
61.6930,261.00
61.7074,261.00
61.7218,260.00
61.7362,248.00
61.7506,228.19
61.7650,247.63
61.7794,232.28
61.7938,214.88
61.8082,212.84
61.8226,238.42
61.8370,258.88
61.8514,229.00
61.8659,252.00
61.8803,230.50
61.8947,218.00
61.9091,227.00
61.9235,242.00
61.9379,226.00
61.9523,248.14
61.9667,252.74
61.9811,239.44
61.9955,283.44
62.0099,328.47
62.0243,378.60
62.0387,445.63
62.0532,510.00
62.0676,618.00
62.0820,682.00
62.0964,704.00
62.1108,793.00
62.1252,702.00
62.1396,692.00
62.1540,606.79
62.1684,531.07
62.1828,472.74
62.1972,404.19
62.2116,437.95
62.2260,465.58
62.2404,464.56
62.2549,539.00
62.2693,611.00
62.2837,640.00
62.2981,713.00
62.3125,695.00
62.3269,657.00
62.3413,638.00
62.3557,587.35
62.3701,547.44
62.3845,458.42
62.3989,389.86
62.4133,376.56
62.4277,325.40
62.4422,329.49
62.4566,336.00
62.4710,344.00
62.4854,353.00
62.4998,340.00
62.5142,330.00
62.5286,338.00
62.5430,349.00
62.5574,282.42
62.5718,284.47
62.5862,258.88
62.6006,225.12
62.6150,227.16
62.6294,209.77
62.6439,224.09
62.6583,195.00
62.6727,219.00
62.6871,196.00
62.7015,197.00
62.7159,199.00
62.7303,171.00
62.7447,199.00
62.7591,212.84
62.7735,165.77
62.7879,201.58
62.8023,199.53
62.8167,177.02
62.8311,200.56
62.8456,210.79
62.8600,196.00
62.8744,199.00
62.8888,204.00
62.9032,155.00
62.9176,197.00
62.9320,186.00
62.9464,213.00
62.9608,185.21
62.9752,190.84
62.9896,168.84
63.0040,190.33
63.0184,192.37
63.0329,192.37
63.0473,186.74
63.0617,182.00
63.0761,186.00
63.0905,191.00
63.1049,189.00
63.1193,198.00
63.1337,200.00
63.1481,180.00
63.1625,180.09
63.1769,161.67
63.1913,170.88
63.2057,165.26
63.2201,187.26
63.2346,161.67
63.2490,186.23
63.2634,160.00
63.2778,190.00
63.2922,175.00
63.3066,197.00
63.3210,179.00
63.3354,168.00
63.3498,181.12
63.3642,170.37
63.3786,136.09
63.3930,150.42
63.4074,148.37
63.4219,177.02
63.4363,178.05
63.4507,151.00
63.4651,148.50
63.4795,174.00
63.4939,187.00
63.5083,145.00
63.5227,171.00
63.5371,162.00
63.5515,181.12
63.5659,160.65
63.5803,148.37
63.5947,168.84
63.6091,164.74
63.6236,149.40
63.6380,156.56
63.6524,148.00
63.6668,162.00
63.6812,175.00
63.6956,167.00
63.7100,189.00
63.7244,183.00
63.7388,155.50
63.7532,187.26
63.7676,157.58
63.7820,173.95
63.7964,194.42
63.8108,190.33
63.8253,168.84
63.8397,185.72
63.8541,179.00
63.8685,210.00
63.8829,198.00
63.8973,202.00
63.9117,200.00
63.9261,221.00
63.9405,261.00
63.9549,267.07
63.9693,280.37
63.9837,290.09
63.9981,282.42
64.0126,293.67
64.0270,310.56
64.0414,281.40
64.0558,270.00
64.0702,260.00
64.0846,268.00
64.0990,319.00
64.1134,308.00
64.1278,351.00
64.1422,327.00
64.1566,299.81
64.1710,323.35
64.1854,293.67
64.1998,260.93
64.2143,294.70
64.2287,243.53
64.2431,253.77
64.2575,237.00
64.2719,226.00
64.2863,230.00
64.3007,219.00
64.3151,229.00
64.3295,236.00
64.3439,239.00
64.3583,235.86
64.3727,211.81
64.3871,194.42
64.4016,183.16
64.4160,187.26
64.4304,171.40
64.4448,168.84
64.4592,198.50
64.4736,178.00
64.4880,174.00
64.5024,208.00
64.5168,197.00
64.5312,216.00
64.5456,206.00
64.5600,201.58
64.5744,243.53
64.5888,247.63
64.6033,222.05
64.6177,260.93
64.6321,228.19
64.6465,237.40
64.6609,255.50
64.6753,251.00
64.6897,222.00
64.7041,222.00
64.7185,218.00
64.7329,204.00
64.7473,250.00
64.7617,249.67
64.7761,243.53
64.7906,240.47
64.8050,232.28
64.8194,233.81
64.8338,243.02
64.8482,220.00
64.8626,254.00
64.8770,271.00
64.8914,283.00
64.9058,289.00
64.9202,298.00
64.9346,272.00
64.9490,280.00
64.9634,226.14
64.9778,224.60
64.9923,202.60
65.0067,220.00
65.0211,222.05
65.0355,228.19
65.0499,198.51
65.0643,228.00
65.0787,222.00
65.0931,215.00
65.1075,216.00
65.1219,216.00
65.1363,194.00
65.1507,176.00
65.1651,177.02
65.1795,182.14
65.1940,182.14
65.2084,152.47
65.2228,168.84
65.2372,155.53
65.2516,170.00
65.2660,142.00
65.2804,169.00
65.2948,152.00
65.3092,158.00
65.3236,154.00
65.3380,154.00
65.3524,166.79
65.3668,167.81
65.3813,184.70
65.3957,159.63
65.4101,145.30
65.4245,154.51
65.4389,181.12
65.4533,160.00
65.4677,143.50
65.4821,177.50
65.4965,193.00
65.5109,164.00
65.5253,162.00
65.5397,172.00
65.5541,173.95
65.5685,182.14
65.5830,166.79
65.5974,187.26
65.6118,187.26
65.6262,198.51
65.6406,228.19
65.6550,208.00
65.6694,217.00
65.6838,220.00
65.6982,180.00
65.7126,191.00
65.7270,198.00
65.7414,223.00
65.7558,208.74
65.7703,198.51
65.7847,186.74
65.7991,217.95
65.8135,181.12
65.8279,199.53
65.8423,195.44
65.8567,195.44
65.8711,212.33
65.8855,207.72
65.8999,226.14
65.9143,216.93
65.9287,201.58
65.9431,213.86
65.9575,211.62
65.9720,255.62
65.9864,276.57
66.0008,289.14
66.0152,305.90
66.0296,333.14
66.0440,304.86
66.0584,352.00
66.0728,368.76
66.0872,316.38
66.1016,311.14
66.1160,305.90
66.1304,254.57
66.1448,255.62
66.1592,244.68
66.1737,262.93
66.1881,279.02
66.2025,301.56
66.2169,297.27
66.2313,262.93
66.2457,292.98
66.2601,321.95
66.2745,321.95
66.2889,318.20
66.3033,354.15
66.3177,361.66
66.3321,401.37
66.3465,450.73
66.3610,476.30
66.3754,513.70
66.3898,493.35
66.4042,514.80
66.4186,480.15
66.4330,464.20
66.4474,410.30
66.4618,410.85
66.4762,442.20
66.4906,459.25
66.5050,447.70
66.5194,542.30
66.5338,562.10
66.5482,562.10
66.5627,567.49
66.5771,560.72
66.5915,491.90
66.6059,459.18
66.6203,396.00
66.6347,408.41
66.6491,305.74
66.6635,348.62
66.6779,336.21
66.6923,310.26
66.7067,323.79
66.7211,324.92
66.7355,320.41
66.7500,287.16
66.7644,299.89
66.7788,287.16
66.7932,275.00
66.8076,272.11
66.8220,242.00
66.8364,218.84
66.8508,189.89
66.8652,200.89
66.8796,222.32
66.8940,200.32
66.9084,198.00
66.9228,188.74
66.9372,221.16
66.9517,193.24
66.9661,197.41
66.9805,212.86
66.9949,214.05
67.0093,246.16
67.0237,239.03
67.0381,288.97
67.0525,256.86
67.0669,260.43
67.0813,288.97
67.0957,284.22
67.1101,258.05
67.1245,291.35
67.1390,253.30
67.1534,245.67
67.1678,239.56
67.1822,241.39
67.1966,266.44
67.2110,240.78
67.2254,267.67
67.2398,264.00
67.2542,281.72
67.2686,281.11
67.2830,300.06
67.2974,283.56
67.3118,281.11
67.3262,276.22
67.3407,224.89
67.3551,232.57
67.3695,222.51
67.3839,217.49
67.3983,227.54
67.4127,226.29
67.4271,242.63
67.4415,238.86
67.4559,238.86
67.4703,242.63
67.4847,231.31
67.4991,233.83
67.5135,196.11
67.5279,206.17
67.5424,235.09
67.5568,187.65
67.5712,207.06
67.5856,203.18
67.6000,177.29
67.6144,188.94
67.6288,181.18
67.6432,139.76
67.6576,172.12
67.6720,199.29
67.6864,154.00
67.7008,210.94
67.7152,170.82
67.7297,146.24
67.7441,155.94
67.7585,178.67
67.7729,165.33
67.7873,156.00
67.8017,165.33
67.8161,180.00
67.8305,153.33
67.8449,142.67
67.8593,162.67
67.8737,136.00
67.8881,145.33
67.9025,159.33
67.9169,137.33
67.9314,132.67
67.9458,140.00
67.9602,169.13
67.9746,165.00
67.9890,148.50
68.0034,165.00
68.0178,137.50
68.0322,138.88
68.0466,151.25
68.0610,147.13
68.0754,137.50
68.0898,152.63
68.1042,162.25
68.1187,136.13
68.1331,151.25
68.1475,155.38
68.1619,148.32
68.1763,156.13
68.1907,156.13
68.2051,141.94
68.2195,168.90
68.2339,178.84
68.2483,227.81
68.2627,202.97
68.2771,214.32
68.2915,228.52
68.3059,235.61
68.3204,261.16
68.3348,318.65
68.3492,266.84
68.3636,237.60
68.3780,268.40
68.3924,253.73
68.4068,258.13
68.4212,231.00
68.4356,237.60
68.4500,230.27
68.4644,247.87
68.4788,327.07
68.4932,277.20
68.5076,293.33
68.5221,316.80
68.5365,325.60
68.5509,315.59
68.5653,315.59
68.5797,312.55
68.5941,232.14
68.6085,216.97
68.6229,235.17
68.6373,233.66
68.6517,270.07
68.6661,257.93
68.6805,291.31
68.6949,254.90
68.7094,224.55
68.7238,270.07
68.7382,239.72
68.7526,216.86
68.7670,257.71
68.7814,245.14
68.7958,232.57
68.8102,187.00
68.8246,180.71
68.8390,190.14
68.8534,205.86
68.8678,210.57
68.8822,206.64
68.8966,187.00
68.9111,165.00
68.9255,166.57
68.9399,194.86
68.9543,176.00
68.9687,202.07
68.9831,179.26
68.9975,203.70
69.0119,198.81
69.0263,193.93
69.0407,187.41
69.0551,197.19
69.0695,187.41
69.0839,198.81
69.0984,185.78
69.1128,220.00
69.1272,205.33
69.1416,174.37
69.1560,179.38
69.1704,159.08
69.1848,176.00
69.1992,182.77
69.2136,167.54
69.2280,177.69
69.2424,126.92
69.2568,173.46
69.2712,189.54
69.2856,159.08
69.3001,143.85
69.3145,147.23
69.3289,137.92
69.3433,142.15
69.3577,144.32
69.3721,153.12
69.3865,160.16
69.4009,124.96
69.4153,135.52
69.4297,132.00
69.4441,123.20
69.4585,170.72
69.4729,130.24
69.4874,167.20
69.5018,174.24
69.5162,132.00
69.5306,137.28
69.5450,156.64
69.5594,187.00
69.5738,154.00
69.5882,157.67
69.6026,143.00
69.6170,188.83
69.6314,168.67
69.6458,132.00
69.6602,161.33
69.6746,143.00
69.6891,174.17
69.7035,170.50
69.7179,179.67
69.7323,181.50
69.7467,135.67
69.7611,220.00
69.7755,191.30
69.7899,208.52
69.8043,248.70
69.8187,255.39
69.8331,336.70
69.8475,353.91
69.8619,390.26
69.8763,399.83
69.8908,441.91
69.9052,443.83
69.9196,443.83
69.9340,457.22
69.9484,411.30
69.9628,324.00
69.9772,352.00
69.9916,268.00
70.0060,284.00